id_transaksi,tanggal,kategori,unit_terjual,harga_satuan,metode_pembayaran,kota,total_pendapatan
TRX-101-0001,2026-08-20,Fashion,5,15000,Transfer Bank,Magelang,75000
TRX-101-0002,2026-08-29,Rumah Tangga,6,150000,Kartu Kredit,Magelang,900000
TRX-101-0003,2026-08-15,Fashion,7,50000,Kartu Kredit,Magelang,350000
TRX-101-0004,2026-08-11,Elektronik,4,15000,Kartu Kredit,Magelang,60000
TRX-101-0005,2026-08-08,Kesehatan & Kecantikan,7,50000,Kartu Kredit,Magelang,350000
TRX-101-0006,2026-08-29,Kesehatan & Kecantikan,8,50000,COD,Magelang,400000
TRX-101-0007,2026-08-21,Kesehatan & Kecantikan,1,150000,E-Wallet,Magelang,150000
TRX-101-0008,2026-08-07,Rumah Tangga,6,50000,Transfer Bank,Magelang,300000
TRX-101-0009,2026-08-26,Elektronik,8,50000,Kartu Kredit,Magelang,400000
TRX-101-0010,2026-08-19,Rumah Tangga,5,150000,Kartu Kredit,Magelang,750000
TRX-101-0011,2026-08-23,Rumah Tangga,4,50000,Kartu Kredit,Magelang,200000
TRX-101-0012,2026-08-11,Elektronik,2,50000,COD,Magelang,100000
TRX-101-0013,2026-08-11,Elektronik,6,50000,Kartu Kredit,Magelang,300000
TRX-101-0014,2026-08-24,Elektronik,6,15000,Kartu Kredit,Magelang,90000
TRX-101-0015,2026-08-21,Elektronik,1,15000,Kartu Kredit,Magelang,15000
TRX-101-0016,2026-08-04,Kesehatan & Kecantikan,9,15000,E-Wallet,Magelang,135000
TRX-101-0017,2026-08-08,Makanan & Minuman,6,150000,COD,Magelang,900000
TRX-101-0018,2026-08-24,Makanan & Minuman,3,1200000,Kartu Kredit,Magelang,3600000
TRX-101-0019,2026-08-03,Elektronik,4,50000,Transfer Bank,Magelang,200000
TRX-101-0020,2026-08-22,Makanan & Minuman,4,50000,Transfer Bank,Magelang,200000
TRX-101-0021,2026-08-21,Makanan & Minuman,3,150000,Transfer Bank,Magelang,450000
TRX-101-0022,2026-08-02,Elektronik,3,50000,COD,Magelang,150000
TRX-101-0023,2026-08-24,Makanan & Minuman,3,15000,COD,Magelang,45000
TRX-101-0024,2026-08-12,Rumah Tangga,4,1200000,Transfer Bank,Magelang,4800000
TRX-101-0025,2026-08-30,Fashion,7,500000,Kartu Kredit,Magelang,3500000
TRX-101-0026,2026-08-06,Fashion,4,50000,COD,Magelang,200000
TRX-101-0027,2026-08-02,Elektronik,9,15000,Transfer Bank,Magelang,135000
TRX-101-0028,2026-08-28,Kesehatan & Kecantikan,1,500000,Transfer Bank,Magelang,500000
TRX-101-0029,2026-08-21,Elektronik,8,1200000,Kartu Kredit,Magelang,9600000
TRX-101-0030,2026-08-01,Kesehatan & Kecantikan,7,500000,E-Wallet,Magelang,3500000
TRX-101-0031,2026-08-12,Fashion,2,15000,COD,Magelang,30000
TRX-101-0032,2026-08-26,Elektronik,8,500000,Kartu Kredit,Magelang,4000000
TRX-101-0033,2026-08-22,Rumah Tangga,1,150000,Transfer Bank,Magelang,150000
TRX-101-0034,2026-08-29,Makanan & Minuman,9,500000,Transfer Bank,Magelang,4500000
TRX-101-0035,2026-08-12,Kesehatan & Kecantikan,9,50000,Kartu Kredit,Magelang,450000
TRX-101-0036,2026-08-25,Makanan & Minuman,2,50000,COD,Magelang,100000
TRX-101-0037,2026-08-17,Makanan & Minuman,7,150000,E-Wallet,Magelang,1050000
TRX-101-0038,2026-08-27,Elektronik,3,15000,E-Wallet,Magelang,45000
TRX-101-0039,2026-08-27,Makanan & Minuman,7,50000,Transfer Bank,Magelang,350000
TRX-101-0040,2026-08-31,Rumah Tangga,9,1200000,COD,Magelang,10800000
TRX-101-0041,2026-08-10,Makanan & Minuman,4,50000,E-Wallet,Magelang,200000
TRX-101-0042,2026-08-28,Elektronik,1,50000,COD,Magelang,50000
TRX-101-0043,2026-08-28,Rumah Tangga,2,15000,COD,Magelang,30000
TRX-101-0044,2026-08-16,Fashion,1,500000,Transfer Bank,Magelang,500000
TRX-101-0045,2026-08-15,Makanan & Minuman,5,50000,E-Wallet,Magelang,250000
TRX-101-0046,2026-08-30,Elektronik,5,150000,Kartu Kredit,Magelang,750000
TRX-101-0047,2026-08-30,Fashion,7,500000,Transfer Bank,Magelang,3500000
TRX-101-0048,2026-08-15,Fashion,9,1200000,E-Wallet,Magelang,10800000
TRX-101-0049,2026-08-30,Kesehatan & Kecantikan,9,15000,E-Wallet,Magelang,135000
TRX-101-0050,2026-08-19,Rumah Tangga,3,1200000,E-Wallet,Magelang,3600000
TRX-101-0051,2026-08-12,Makanan & Minuman,3,500000,E-Wallet,Magelang,1500000
TRX-101-0052,2026-08-23,Elektronik,3,500000,E-Wallet,Magelang,1500000
TRX-101-0053,2026-08-20,Kesehatan & Kecantikan,4,500000,COD,Magelang,2000000
TRX-101-0054,2026-08-25,Rumah Tangga,8,1200000,Transfer Bank,Magelang,9600000
TRX-101-0055,2026-08-03,Kesehatan & Kecantikan,6,500000,COD,Magelang,3000000
TRX-101-0056,2026-08-05,Rumah Tangga,8,1200000,Kartu Kredit,Magelang,9600000
TRX-101-0057,2026-08-19,Rumah Tangga,1,500000,E-Wallet,Magelang,500000
TRX-101-0058,2026-08-07,Makanan & Minuman,8,150000,Transfer Bank,Magelang,1200000
TRX-101-0059,2026-08-21,Rumah Tangga,4,500000,E-Wallet,Magelang,2000000
TRX-101-0060,2026-08-09,Kesehatan & Kecantikan,1,1200000,Transfer Bank,Magelang,1200000
TRX-101-0061,2026-08-07,Rumah Tangga,8,50000,COD,Magelang,400000
TRX-101-0062,2026-08-18,Makanan & Minuman,4,500000,Transfer Bank,Magelang,2000000
TRX-101-0063,2026-08-04,Makanan & Minuman,6,50000,Kartu Kredit,Magelang,300000
TRX-101-0064,2026-08-25,Kesehatan & Kecantikan,8,150000,Kartu Kredit,Magelang,1200000
TRX-101-0065,2026-08-28,Fashion,4,15000,Transfer Bank,Magelang,60000
TRX-101-0066,2026-08-14,Fashion,3,150000,Transfer Bank,Magelang,450000
TRX-101-0067,2026-08-18,Rumah Tangga,9,500000,Transfer Bank,Magelang,4500000
TRX-101-0068,2026-08-26,Elektronik,3,50000,Transfer Bank,Magelang,150000
TRX-101-0069,2026-08-09,Rumah Tangga,9,50000,Kartu Kredit,Magelang,450000
TRX-101-0070,2026-08-26,Kesehatan & Kecantikan,2,1200000,E-Wallet,Magelang,2400000
TRX-101-0071,2026-08-21,Kesehatan & Kecantikan,2,50000,Transfer Bank,Magelang,100000
TRX-101-0072,2026-08-02,Kesehatan & Kecantikan,2,1200000,Transfer Bank,Magelang,2400000
TRX-101-0073,2026-08-20,Kesehatan & Kecantikan,6,15000,Kartu Kredit,Magelang,90000
TRX-101-0074,2026-08-28,Kesehatan & Kecantikan,3,500000,Kartu Kredit,Magelang,1500000
TRX-101-0075,2026-08-15,Makanan & Minuman,9,1200000,COD,Magelang,10800000
TRX-101-0076,2026-08-28,Fashion,4,15000,Transfer Bank,Magelang,60000
TRX-101-0077,2026-08-07,Kesehatan & Kecantikan,1,50000,COD,Magelang,50000
TRX-101-0078,2026-08-12,Elektronik,4,50000,Kartu Kredit,Magelang,200000
TRX-101-0079,2026-08-29,Elektronik,1,15000,Kartu Kredit,Magelang,15000
TRX-101-0080,2026-08-08,Elektronik,5,50000,E-Wallet,Magelang,250000
TRX-101-0081,2026-08-15,Elektronik,4,15000,Transfer Bank,Magelang,60000
TRX-101-0082,2026-08-03,Makanan & Minuman,8,1200000,COD,Magelang,9600000
TRX-101-0083,2026-08-14,Elektronik,8,1200000,Kartu Kredit,Magelang,9600000
TRX-101-0084,2026-08-17,Kesehatan & Kecantikan,7,15000,Kartu Kredit,Magelang,105000
TRX-101-0085,2026-08-04,Rumah Tangga,3,1200000,COD,Magelang,3600000
TRX-101-0086,2026-08-18,Elektronik,1,1200000,E-Wallet,Magelang,1200000
TRX-101-0087,2026-08-08,Makanan & Minuman,1,1200000,Kartu Kredit,Magelang,1200000
TRX-101-0088,2026-08-04,Makanan & Minuman,3,150000,Transfer Bank,Magelang,450000
TRX-101-0089,2026-08-02,Elektronik,6,500000,Kartu Kredit,Magelang,3000000
TRX-101-0090,2026-08-30,Rumah Tangga,7,50000,Transfer Bank,Magelang,350000
TRX-101-0091,2026-08-06,Elektronik,6,150000,COD,Magelang,900000
TRX-101-0092,2026-08-22,Makanan & Minuman,6,1200000,Transfer Bank,Magelang,7200000
TRX-101-0093,2026-08-10,Fashion,6,15000,COD,Magelang,90000
TRX-101-0094,2026-08-04,Kesehatan & Kecantikan,3,1200000,Transfer Bank,Magelang,3600000
TRX-101-0095,2026-08-22,Makanan & Minuman,6,500000,COD,Magelang,3000000
TRX-101-0096,2026-08-29,Elektronik,8,1200000,Transfer Bank,Magelang,9600000
TRX-101-0097,2026-08-31,Kesehatan & Kecantikan,2,15000,E-Wallet,Magelang,30000
TRX-101-0098,2026-08-18,Elektronik,5,500000,Transfer Bank,Magelang,2500000
TRX-101-0099,2026-08-26,Elektronik,1,1200000,Transfer Bank,Magelang,1200000
TRX-101-0100,2026-08-12,Fashion,1,500000,E-Wallet,Magelang,500000
TRX-101-0101,2026-08-02,Kesehatan & Kecantikan,5,50000,Kartu Kredit,Magelang,250000
TRX-101-0102,2026-08-10,Kesehatan & Kecantikan,3,50000,Kartu Kredit,Magelang,150000
TRX-101-0103,2026-08-30,Fashion,4,1200000,Transfer Bank,Magelang,4800000
TRX-101-0104,2026-08-04,Makanan & Minuman,3,500000,E-Wallet,Magelang,1500000
TRX-101-0105,2026-08-14,Elektronik,1,15000,Transfer Bank,Magelang,15000
TRX-101-0106,2026-08-31,Rumah Tangga,1,1200000,COD,Magelang,1200000
TRX-101-0107,2026-08-16,Elektronik,5,50000,COD,Magelang,250000
TRX-101-0108,2026-08-15,Elektronik,6,50000,Transfer Bank,Magelang,300000
TRX-101-0109,2026-08-08,Makanan & Minuman,3,1200000,Kartu Kredit,Magelang,3600000
TRX-101-0110,2026-08-14,Elektronik,9,500000,Kartu Kredit,Magelang,4500000
TRX-101-0111,2026-08-23,Fashion,5,50000,Transfer Bank,Magelang,250000
TRX-101-0112,2026-08-28,Fashion,8,500000,Transfer Bank,Magelang,4000000
TRX-101-0113,2026-08-25,Kesehatan & Kecantikan,1,50000,COD,Magelang,50000
TRX-101-0114,2026-08-30,Rumah Tangga,5,50000,Kartu Kredit,Magelang,250000
TRX-101-0115,2026-08-08,Elektronik,3,150000,Transfer Bank,Magelang,450000
TRX-101-0116,2026-08-21,Elektronik,1,50000,COD,Magelang,50000
TRX-101-0117,2026-08-16,Makanan & Minuman,4,15000,Kartu Kredit,Magelang,60000
TRX-101-0118,2026-08-13,Fashion,5,1200000,E-Wallet,Magelang,6000000
TRX-202-0001,2026-08-20,Elektronik,2,50000,Transfer Bank,Yogyakarta,100000
TRX-202-0002,2026-08-19,Rumah Tangga,1,15000,Transfer Bank,Yogyakarta,15000
TRX-202-0003,2026-08-26,Fashion,6,500000,COD,Yogyakarta,3000000
TRX-202-0004,2026-08-15,Kesehatan & Kecantikan,5,150000,COD,Yogyakarta,750000
TRX-202-0005,2026-08-16,Rumah Tangga,9,50000,E-Wallet,Yogyakarta,450000
TRX-202-0006,2026-08-21,Rumah Tangga,1,15000,E-Wallet,Yogyakarta,15000
TRX-202-0007,2026-08-05,Rumah Tangga,7,1200000,Transfer Bank,Yogyakarta,8400000
TRX-202-0008,2026-08-03,Rumah Tangga,5,500000,Kartu Kredit,Yogyakarta,2500000
TRX-202-0009,2026-08-12,Rumah Tangga,5,50000,Kartu Kredit,Yogyakarta,250000
TRX-202-0010,2026-08-25,Makanan & Minuman,2,50000,COD,Yogyakarta,100000
TRX-202-0011,2026-08-20,Kesehatan & Kecantikan,3,150000,COD,Yogyakarta,450000
TRX-202-0012,2026-08-27,Rumah Tangga,7,150000,COD,Yogyakarta,1050000
TRX-202-0013,2026-08-21,Kesehatan & Kecantikan,6,1200000,E-Wallet,Yogyakarta,7200000
TRX-202-0014,2026-08-04,Makanan & Minuman,2,1200000,E-Wallet,Yogyakarta,2400000
TRX-202-0015,2026-08-21,Makanan & Minuman,6,15000,COD,Yogyakarta,90000
TRX-202-0016,2026-08-23,Kesehatan & Kecantikan,2,15000,COD,Yogyakarta,30000
TRX-202-0017,2026-08-16,Elektronik,2,1200000,COD,Yogyakarta,2400000
TRX-202-0018,2026-08-25,Fashion,2,1200000,Kartu Kredit,Yogyakarta,2400000
TRX-202-0019,2026-08-07,Elektronik,3,500000,E-Wallet,Yogyakarta,1500000
TRX-202-0020,2026-08-13,Elektronik,2,150000,Kartu Kredit,Yogyakarta,300000
TRX-202-0021,2026-08-21,Elektronik,4,15000,Kartu Kredit,Yogyakarta,60000
TRX-202-0022,2026-08-10,Rumah Tangga,9,150000,COD,Yogyakarta,1350000
TRX-202-0023,2026-08-26,Makanan & Minuman,6,150000,COD,Yogyakarta,900000
TRX-202-0024,2026-08-07,Elektronik,1,1200000,Transfer Bank,Yogyakarta,1200000
TRX-202-0025,2026-08-14,Makanan & Minuman,8,500000,Transfer Bank,Yogyakarta,4000000
TRX-202-0026,2026-08-31,Kesehatan & Kecantikan,7,50000,Kartu Kredit,Yogyakarta,350000
TRX-202-0027,2026-08-26,Fashion,3,500000,E-Wallet,Yogyakarta,1500000
TRX-202-0028,2026-08-05,Kesehatan & Kecantikan,1,500000,COD,Yogyakarta,500000
TRX-202-0029,2026-08-03,Kesehatan & Kecantikan,5,150000,COD,Yogyakarta,750000
TRX-202-0030,2026-08-23,Rumah Tangga,4,500000,Kartu Kredit,Yogyakarta,2000000
TRX-202-0031,2026-08-29,Fashion,8,15000,Transfer Bank,Yogyakarta,120000
TRX-202-0032,2026-08-11,Kesehatan & Kecantikan,1,150000,E-Wallet,Yogyakarta,150000
TRX-202-0033,2026-08-11,Kesehatan & Kecantikan,1,15000,Transfer Bank,Yogyakarta,15000
TRX-202-0034,2026-08-18,Fashion,4,50000,Transfer Bank,Yogyakarta,200000
TRX-202-0035,2026-08-15,Fashion,8,150000,Transfer Bank,Yogyakarta,1200000
TRX-202-0036,2026-08-12,Kesehatan & Kecantikan,5,50000,Transfer Bank,Yogyakarta,250000
TRX-202-0037,2026-08-09,Fashion,2,150000,COD,Yogyakarta,300000
TRX-202-0038,2026-08-10,Kesehatan & Kecantikan,6,1200000,COD,Yogyakarta,7200000
TRX-202-0039,2026-08-26,Kesehatan & Kecantikan,5,500000,Transfer Bank,Yogyakarta,2500000
TRX-202-0040,2026-08-12,Rumah Tangga,2,1200000,E-Wallet,Yogyakarta,2400000
TRX-202-0041,2026-08-17,Elektronik,3,50000,Kartu Kredit,Yogyakarta,150000
TRX-202-0042,2026-08-29,Kesehatan & Kecantikan,9,500000,E-Wallet,Yogyakarta,4500000
TRX-202-0043,2026-08-06,Makanan & Minuman,7,150000,E-Wallet,Yogyakarta,1050000
TRX-202-0044,2026-08-07,Elektronik,7,500000,E-Wallet,Yogyakarta,3500000
TRX-202-0045,2026-08-14,Elektronik,6,15000,Transfer Bank,Yogyakarta,90000
TRX-202-0046,2026-08-13,Elektronik,8,500000,COD,Yogyakarta,4000000
TRX-202-0047,2026-08-08,Rumah Tangga,4,15000,E-Wallet,Yogyakarta,60000
TRX-202-0048,2026-08-10,Kesehatan & Kecantikan,8,500000,Transfer Bank,Yogyakarta,4000000
TRX-202-0049,2026-08-09,Rumah Tangga,4,15000,E-Wallet,Yogyakarta,60000
TRX-202-0050,2026-08-18,Kesehatan & Kecantikan,8,50000,E-Wallet,Yogyakarta,400000
TRX-202-0051,2026-08-27,Rumah Tangga,9,1200000,Transfer Bank,Yogyakarta,10800000
TRX-202-0052,2026-08-26,Rumah Tangga,3,150000,COD,Yogyakarta,450000
TRX-202-0053,2026-08-02,Makanan & Minuman,3,500000,COD,Yogyakarta,1500000
TRX-202-0054,2026-08-05,Rumah Tangga,2,1200000,Kartu Kredit,Yogyakarta,2400000
TRX-202-0055,2026-08-29,Fashion,3,150000,Transfer Bank,Yogyakarta,450000
TRX-202-0056,2026-08-05,Makanan & Minuman,3,150000,Kartu Kredit,Yogyakarta,450000
TRX-202-0057,2026-08-06,Rumah Tangga,5,15000,Kartu Kredit,Yogyakarta,75000
TRX-202-0058,2026-08-19,Elektronik,5,50000,Kartu Kredit,Yogyakarta,250000
TRX-202-0059,2026-08-08,Fashion,2,50000,COD,Yogyakarta,100000
TRX-202-0060,2026-08-16,Fashion,6,1200000,Transfer Bank,Yogyakarta,7200000
TRX-202-0061,2026-08-13,Fashion,5,50000,Kartu Kredit,Yogyakarta,250000
TRX-202-0062,2026-08-01,Makanan & Minuman,6,500000,Transfer Bank,Yogyakarta,3000000
TRX-202-0063,2026-08-22,Rumah Tangga,1,50000,Transfer Bank,Yogyakarta,50000
TRX-202-0064,2026-08-20,Rumah Tangga,5,1200000,COD,Yogyakarta,6000000
TRX-202-0065,2026-08-17,Elektronik,9,50000,Kartu Kredit,Yogyakarta,450000
TRX-202-0066,2026-08-31,Elektronik,2,500000,Kartu Kredit,Yogyakarta,1000000
TRX-202-0067,2026-08-07,Fashion,1,15000,Transfer Bank,Yogyakarta,15000
TRX-202-0068,2026-08-25,Elektronik,9,1200000,E-Wallet,Yogyakarta,10800000
TRX-202-0069,2026-08-13,Makanan & Minuman,9,15000,COD,Yogyakarta,135000
TRX-202-0070,2026-08-04,Rumah Tangga,9,15000,COD,Yogyakarta,135000
TRX-202-0071,2026-08-04,Fashion,6,15000,COD,Yogyakarta,90000
TRX-202-0072,2026-08-06,Elektronik,8,150000,COD,Yogyakarta,1200000
TRX-202-0073,2026-08-28,Makanan & Minuman,1,150000,Kartu Kredit,Yogyakarta,150000
TRX-202-0074,2026-08-31,Makanan & Minuman,4,15000,Kartu Kredit,Yogyakarta,60000
TRX-202-0075,2026-08-19,Elektronik,1,1200000,E-Wallet,Yogyakarta,1200000
TRX-202-0076,2026-08-29,Rumah Tangga,8,500000,COD,Yogyakarta,4000000
TRX-202-0077,2026-08-12,Elektronik,1,500000,COD,Yogyakarta,500000
TRX-202-0078,2026-08-22,Fashion,3,50000,Transfer Bank,Yogyakarta,150000
TRX-202-0079,2026-08-07,Elektronik,4,1200000,Kartu Kredit,Yogyakarta,4800000
TRX-202-0080,2026-08-27,Makanan & Minuman,8,150000,COD,Yogyakarta,1200000
TRX-202-0081,2026-08-10,Elektronik,6,15000,E-Wallet,Yogyakarta,90000
TRX-202-0082,2026-08-26,Rumah Tangga,7,50000,E-Wallet,Yogyakarta,350000
TRX-202-0083,2026-08-19,Kesehatan & Kecantikan,8,500000,Kartu Kredit,Yogyakarta,4000000
TRX-202-0084,2026-08-07,Elektronik,2,150000,E-Wallet,Yogyakarta,300000
TRX-202-0085,2026-08-30,Rumah Tangga,8,150000,E-Wallet,Yogyakarta,1200000
TRX-202-0086,2026-08-03,Rumah Tangga,3,15000,Kartu Kredit,Yogyakarta,45000
TRX-202-0087,2026-08-13,Makanan & Minuman,7,500000,COD,Yogyakarta,3500000
TRX-202-0088,2026-08-13,Rumah Tangga,3,1200000,COD,Yogyakarta,3600000
TRX-202-0089,2026-08-18,Rumah Tangga,7,150000,E-Wallet,Yogyakarta,1050000
TRX-202-0090,2026-08-28,Rumah Tangga,2,15000,E-Wallet,Yogyakarta,30000
TRX-202-0091,2026-08-30,Rumah Tangga,6,1200000,COD,Yogyakarta,7200000
TRX-202-0092,2026-08-26,Fashion,3,500000,Kartu Kredit,Yogyakarta,1500000
TRX-202-0093,2026-08-20,Fashion,3,150000,E-Wallet,Yogyakarta,450000
TRX-202-0094,2026-08-28,Makanan & Minuman,9,1200000,Transfer Bank,Yogyakarta,10800000
TRX-202-0095,2026-08-08,Elektronik,7,1200000,Kartu Kredit,Yogyakarta,8400000
TRX-202-0096,2026-08-29,Rumah Tangga,5,1200000,E-Wallet,Yogyakarta,6000000
TRX-202-0097,2026-08-31,Elektronik,7,150000,E-Wallet,Yogyakarta,1050000
TRX-202-0098,2026-08-09,Elektronik,9,150000,Transfer Bank,Yogyakarta,1350000
TRX-202-0099,2026-08-07,Makanan & Minuman,1,50000,Transfer Bank,Yogyakarta,50000
TRX-202-0100,2026-08-01,Rumah Tangga,7,500000,COD,Yogyakarta,3500000
TRX-202-0101,2026-08-03,Rumah Tangga,6,15000,Kartu Kredit,Yogyakarta,90000
TRX-202-0102,2026-08-13,Kesehatan & Kecantikan,9,1200000,Kartu Kredit,Yogyakarta,10800000
TRX-202-0103,2026-08-28,Elektronik,1,50000,COD,Yogyakarta,50000
TRX-202-0104,2026-08-30,Elektronik,4,15000,Kartu Kredit,Yogyakarta,60000
TRX-202-0105,2026-08-25,Fashion,9,50000,Kartu Kredit,Yogyakarta,450000
TRX-202-0106,2026-08-31,Kesehatan & Kecantikan,4,150000,Kartu Kredit,Yogyakarta,600000
TRX-202-0107,2026-08-28,Fashion,3,1200000,Kartu Kredit,Yogyakarta,3600000
TRX-202-0108,2026-08-17,Fashion,9,15000,Kartu Kredit,Yogyakarta,135000
TRX-202-0109,2026-08-25,Fashion,2,15000,Transfer Bank,Yogyakarta,30000
TRX-202-0110,2026-08-24,Makanan & Minuman,4,15000,Kartu Kredit,Yogyakarta,60000
TRX-303-0001,2026-08-08,Elektronik,5,1200000,Kartu Kredit,Semarang,6000000
TRX-303-0002,2026-08-31,Makanan & Minuman,2,15000,Kartu Kredit,Semarang,30000
TRX-303-0003,2026-08-10,Fashion,6,1200000,E-Wallet,Semarang,7200000
TRX-303-0004,2026-08-17,Fashion,1,1200000,Kartu Kredit,Semarang,1200000
TRX-303-0005,2026-08-28,Kesehatan & Kecantikan,3,500000,COD,Semarang,1500000
TRX-303-0006,2026-08-31,Elektronik,5,15000,Transfer Bank,Semarang,75000
TRX-303-0007,2026-08-26,Fashion,4,500000,Transfer Bank,Semarang,2000000
TRX-303-0008,2026-08-09,Makanan & Minuman,3,15000,Transfer Bank,Semarang,45000
TRX-303-0009,2026-08-22,Kesehatan & Kecantikan,5,50000,E-Wallet,Semarang,250000
TRX-303-0010,2026-08-19,Elektronik,8,15000,Kartu Kredit,Semarang,120000
TRX-303-0011,2026-08-29,Rumah Tangga,4,500000,COD,Semarang,2000000
TRX-303-0012,2026-08-14,Makanan & Minuman,1,1200000,Kartu Kredit,Semarang,1200000
TRX-303-0013,2026-08-08,Fashion,7,15000,Kartu Kredit,Semarang,105000
TRX-303-0014,2026-08-09,Fashion,8,15000,Kartu Kredit,Semarang,120000
TRX-303-0015,2026-08-22,Makanan & Minuman,3,150000,Transfer Bank,Semarang,450000
TRX-303-0016,2026-08-11,Fashion,6,1200000,COD,Semarang,7200000
TRX-303-0017,2026-08-23,Kesehatan & Kecantikan,2,50000,COD,Semarang,100000
TRX-303-0018,2026-08-01,Elektronik,7,500000,Kartu Kredit,Semarang,3500000
TRX-303-0019,2026-08-14,Kesehatan & Kecantikan,8,50000,Transfer Bank,Semarang,400000
TRX-303-0020,2026-08-05,Fashion,6,1200000,Transfer Bank,Semarang,7200000
TRX-303-0021,2026-08-21,Rumah Tangga,6,15000,COD,Semarang,90000
TRX-303-0022,2026-08-26,Elektronik,5,15000,Transfer Bank,Semarang,75000
TRX-303-0023,2026-08-14,Elektronik,8,1200000,Transfer Bank,Semarang,9600000
TRX-303-0024,2026-08-04,Makanan & Minuman,1,15000,Transfer Bank,Semarang,15000
TRX-303-0025,2026-08-22,Makanan & Minuman,4,15000,E-Wallet,Semarang,60000
TRX-303-0026,2026-08-23,Rumah Tangga,4,15000,Kartu Kredit,Semarang,60000
TRX-303-0027,2026-08-25,Elektronik,3,500000,COD,Semarang,1500000
TRX-303-0028,2026-08-01,Rumah Tangga,3,500000,COD,Semarang,1500000
TRX-303-0029,2026-08-31,Makanan & Minuman,4,150000,E-Wallet,Semarang,600000
TRX-303-0030,2026-08-22,Makanan & Minuman,1,50000,Kartu Kredit,Semarang,50000
TRX-303-0031,2026-08-23,Elektronik,2,1200000,COD,Semarang,2400000
TRX-303-0032,2026-08-19,Kesehatan & Kecantikan,9,1200000,Transfer Bank,Semarang,10800000
TRX-303-0033,2026-08-08,Fashion,2,1200000,COD,Semarang,2400000
TRX-303-0034,2026-08-15,Makanan & Minuman,5,150000,Transfer Bank,Semarang,750000
TRX-303-0035,2026-08-21,Makanan & Minuman,9,500000,E-Wallet,Semarang,4500000
TRX-303-0036,2026-08-15,Kesehatan & Kecantikan,9,150000,Transfer Bank,Semarang,1350000
TRX-303-0037,2026-08-09,Kesehatan & Kecantikan,8,1200000,COD,Semarang,9600000
TRX-303-0038,2026-08-21,Rumah Tangga,1,50000,COD,Semarang,50000
TRX-303-0039,2026-08-09,Rumah Tangga,1,15000,COD,Semarang,15000
TRX-303-0040,2026-08-10,Fashion,9,500000,E-Wallet,Semarang,4500000
TRX-303-0041,2026-08-20,Fashion,8,500000,E-Wallet,Semarang,4000000
TRX-303-0042,2026-08-25,Elektronik,9,150000,Kartu Kredit,Semarang,1350000
TRX-303-0043,2026-08-21,Rumah Tangga,7,500000,COD,Semarang,3500000
TRX-303-0044,2026-08-26,Makanan & Minuman,3,1200000,Transfer Bank,Semarang,3600000
TRX-303-0045,2026-08-09,Rumah Tangga,3,1200000,E-Wallet,Semarang,3600000
TRX-303-0046,2026-08-03,Makanan & Minuman,2,150000,COD,Semarang,300000
TRX-303-0047,2026-08-31,Kesehatan & Kecantikan,5,1200000,COD,Semarang,6000000
TRX-303-0048,2026-08-20,Rumah Tangga,3,50000,E-Wallet,Semarang,150000
TRX-303-0049,2026-08-25,Kesehatan & Kecantikan,6,150000,Kartu Kredit,Semarang,900000
TRX-303-0050,2026-08-26,Fashion,2,50000,E-Wallet,Semarang,100000
TRX-303-0051,2026-08-11,Fashion,3,15000,E-Wallet,Semarang,45000
TRX-303-0052,2026-08-06,Elektronik,5,50000,Transfer Bank,Semarang,250000
TRX-303-0053,2026-08-02,Rumah Tangga,1,15000,Transfer Bank,Semarang,15000
TRX-303-0054,2026-08-07,Kesehatan & Kecantikan,1,15000,Kartu Kredit,Semarang,15000
TRX-303-0055,2026-08-18,Makanan & Minuman,9,50000,COD,Semarang,450000
TRX-303-0056,2026-08-27,Fashion,7,150000,E-Wallet,Semarang,1050000
TRX-303-0057,2026-08-02,Fashion,1,1200000,Kartu Kredit,Semarang,1200000
TRX-303-0058,2026-08-27,Makanan & Minuman,8,1200000,Transfer Bank,Semarang,9600000
TRX-303-0059,2026-08-17,Kesehatan & Kecantikan,3,15000,E-Wallet,Semarang,45000
TRX-303-0060,2026-08-11,Kesehatan & Kecantikan,8,15000,COD,Semarang,120000
TRX-303-0061,2026-08-27,Rumah Tangga,5,150000,Transfer Bank,Semarang,750000
TRX-303-0062,2026-08-12,Rumah Tangga,1,500000,Transfer Bank,Semarang,500000
TRX-303-0063,2026-08-27,Elektronik,7,50000,Transfer Bank,Semarang,350000
TRX-303-0064,2026-08-19,Fashion,5,15000,Kartu Kredit,Semarang,75000
TRX-303-0065,2026-08-22,Rumah Tangga,6,1200000,COD,Semarang,7200000
TRX-303-0066,2026-08-24,Kesehatan & Kecantikan,6,150000,E-Wallet,Semarang,900000
TRX-303-0067,2026-08-25,Makanan & Minuman,8,50000,Kartu Kredit,Semarang,400000
TRX-303-0068,2026-08-07,Kesehatan & Kecantikan,9,150000,Kartu Kredit,Semarang,1350000
TRX-303-0069,2026-08-20,Fashion,2,50000,Kartu Kredit,Semarang,100000
TRX-303-0070,2026-08-06,Kesehatan & Kecantikan,9,50000,Transfer Bank,Semarang,450000
TRX-303-0071,2026-08-21,Elektronik,9,15000,COD,Semarang,135000
TRX-303-0072,2026-08-24,Fashion,7,150000,Kartu Kredit,Semarang,1050000
TRX-303-0073,2026-08-01,Makanan & Minuman,1,150000,E-Wallet,Semarang,150000
TRX-303-0074,2026-08-17,Elektronik,7,1200000,COD,Semarang,8400000
TRX-303-0075,2026-08-29,Fashion,5,1200000,E-Wallet,Semarang,6000000
TRX-303-0076,2026-08-31,Makanan & Minuman,6,15000,COD,Semarang,90000
TRX-303-0077,2026-08-11,Elektronik,7,15000,E-Wallet,Semarang,105000
TRX-303-0078,2026-08-22,Elektronik,5,500000,Transfer Bank,Semarang,2500000
TRX-303-0079,2026-08-26,Fashion,7,1200000,Kartu Kredit,Semarang,8400000
TRX-303-0080,2026-08-28,Rumah Tangga,9,50000,E-Wallet,Semarang,450000
TRX-303-0081,2026-08-18,Elektronik,3,150000,COD,Semarang,450000
TRX-303-0082,2026-08-21,Elektronik,8,15000,Kartu Kredit,Semarang,120000
TRX-303-0083,2026-08-17,Makanan & Minuman,2,150000,Kartu Kredit,Semarang,300000
TRX-303-0084,2026-08-07,Kesehatan & Kecantikan,7,150000,COD,Semarang,1050000
TRX-303-0085,2026-08-17,Fashion,2,500000,E-Wallet,Semarang,1000000
TRX-303-0086,2026-08-20,Fashion,4,1200000,Transfer Bank,Semarang,4800000
TRX-303-0087,2026-08-09,Rumah Tangga,7,15000,Transfer Bank,Semarang,105000
TRX-303-0088,2026-08-17,Rumah Tangga,3,150000,E-Wallet,Semarang,450000
TRX-303-0089,2026-08-20,Fashion,2,15000,Kartu Kredit,Semarang,30000
TRX-303-0090,2026-08-22,Rumah Tangga,7,50000,Kartu Kredit,Semarang,350000
TRX-303-0091,2026-08-22,Makanan & Minuman,1,500000,Kartu Kredit,Semarang,500000
TRX-303-0092,2026-08-28,Fashion,8,50000,Kartu Kredit,Semarang,400000
TRX-303-0093,2026-08-31,Rumah Tangga,3,15000,E-Wallet,Semarang,45000
TRX-303-0094,2026-08-29,Fashion,2,15000,Kartu Kredit,Semarang,30000
TRX-303-0095,2026-08-08,Kesehatan & Kecantikan,3,1200000,COD,Semarang,3600000
TRX-303-0096,2026-08-17,Elektronik,5,150000,Kartu Kredit,Semarang,750000
TRX-303-0097,2026-08-07,Fashion,8,150000,Transfer Bank,Semarang,1200000
TRX-303-0098,2026-08-01,Elektronik,7,50000,Kartu Kredit,Semarang,350000
TRX-303-0099,2026-08-13,Rumah Tangga,7,500000,E-Wallet,Semarang,3500000
TRX-303-0100,2026-08-30,Elektronik,7,150000,Transfer Bank,Semarang,1050000
TRX-303-0101,2026-08-23,Fashion,8,1200000,E-Wallet,Semarang,9600000
TRX-303-0102,2026-08-19,Kesehatan & Kecantikan,1,50000,E-Wallet,Semarang,50000
TRX-303-0103,2026-08-27,Rumah Tangga,4,50000,Transfer Bank,Semarang,200000
TRX-303-0104,2026-08-24,Fashion,6,1200000,E-Wallet,Semarang,7200000
TRX-303-0105,2026-08-19,Rumah Tangga,9,500000,E-Wallet,Semarang,4500000
TRX-303-0106,2026-08-30,Makanan & Minuman,2,1200000,Kartu Kredit,Semarang,2400000
TRX-303-0107,2026-08-30,Elektronik,1,500000,COD,Semarang,500000
TRX-303-0108,2026-08-29,Makanan & Minuman,2,1200000,E-Wallet,Semarang,2400000
TRX-303-0109,2026-08-17,Fashion,7,1200000,E-Wallet,Semarang,8400000
TRX-303-0110,2026-08-13,Kesehatan & Kecantikan,3,15000,E-Wallet,Semarang,45000
TRX-303-0111,2026-08-29,Rumah Tangga,2,50000,Kartu Kredit,Semarang,100000
TRX-303-0112,2026-08-30,Elektronik,7,1200000,COD,Semarang,8400000
TRX-303-0113,2026-08-16,Rumah Tangga,2,1200000,Transfer Bank,Semarang,2400000
TRX-303-0114,2026-08-08,Fashion,3,150000,Kartu Kredit,Semarang,450000
TRX-303-0115,2026-08-19,Rumah Tangga,7,50000,Kartu Kredit,Semarang,350000
TRX-303-0116,2026-08-18,Elektronik,4,150000,COD,Semarang,600000
